participation_id,user_id,activity_id,approval_status,points_earned,completion_date
1,58,12,Pending,100,2026-09-22
2,7,12,Rejected,50,2026-12-24
3,10,8,Pending,30,2026-11-01
4,12,24,Approved,50,2026-09-09
5,11,23,Pending,50,2026-08-28
6,31,8,Pending,50,2026-10-10
7,53,8,Pending,0,2026-09-13
8,22,9,Pending,40,2026-10-21
9,33,13,Rejected,75,2026-10-01
10,8,9,Pending,75,2026-10-02
11,7,20,Approved,40,2026-10-14
12,39,17,Pending,50,2026-12-07
13,17,2,Rejected,50,2026-08-17
14,60,18,Rejected,100,2026-09-12
15,28,3,Rejected,40,2026-12-11
16,43,4,Rejected,40,2026-12-10
17,43,14,Approved,50,2026-10-18
18,9,7,Approved,100,2026-11-22
19,48,6,Rejected,75,2026-10-13
20,36,1,Approved,40,2026-09-14
21,51,19,Rejected,100,2026-10-15
22,29,15,Rejected,30,2026-12-16
23,51,24,Pending,100,2026-08-10
24,33,22,Rejected,75,2026-10-03
25,53,25,Pending,100,2026-10-08
26,52,7,Pending,0,2026-08-08
27,31,20,Pending,50,2026-11-21
28,37,7,Rejected,100,2026-11-16
29,26,8,Pending,100,2026-08-25
30,56,25,Pending,50,2026-09-06
31,52,23,Rejected,50,2026-08-18
32,16,4,Approved,30,2026-11-22
33,34,18,Rejected,40,2026-11-20
34,53,24,Rejected,50,2026-12-15
35,58,6,Rejected,50,2026-11-09
36,49,8,Rejected,40,2026-12-16
37,41,8,Approved,50,2026-08-23
38,19,8,Approved,40,2026-10-18
39,6,5,Pending,30,2026-11-23
40,10,23,Pending,0,2026-11-14
41,22,18,Approved,50,2026-08-07
42,54,14,Approved,75,2026-08-28
43,57,25,Rejected,50,2026-11-01
44,23,10,Approved,50,2026-12-24
45,48,18,Rejected,30,2026-11-08
46,18,14,Approved,0,2026-11-11
47,43,22,Approved,100,2026-09-27
48,30,5,Rejected,75,2026-08-13
49,38,19,Rejected,0,2026-08-21
50,28,5,Approved,30,2026-08-09
51,25,11,Pending,50,2026-10-11
52,49,13,Approved,50,2026-10-27
53,6,16,Pending,100,2026-12-02
54,23,8,Rejected,0,2026-08-25
55,2,8,Pending,0,2026-12-05
56,16,5,Approved,100,2026-08-19
57,14,15,Rejected,40,2026-10-06
58,39,20,Rejected,100,2026-08-25
59,53,6,Approved,0,2026-12-01
60,60,10,Rejected,100,2026-11-13
61,46,7,Pending,75,2026-09-04
62,45,25,Approved,100,2026-12-26
63,8,19,Pending,40,2026-12-14
64,43,12,Pending,75,2026-10-01
65,55,14,Approved,0,2026-11-12
66,41,15,Rejected,30,2026-11-06
67,47,17,Rejected,40,2026-12-26
68,59,18,Approved,50,2026-11-27
69,47,19,Approved,40,2026-09-27
70,60,3,Approved,50,2026-09-25
71,30,19,Rejected,100,2026-11-11
72,2,16,Approved,30,2026-11-07
73,23,9,Approved,40,2026-12-23
74,57,9,Rejected,0,2026-12-07
75,6,8,Rejected,50,2026-11-18
76,49,8,Rejected,50,2026-11-15
77,51,1,Pending,40,2026-09-13
78,45,8,Approved,100,2026-12-12
79,31,18,Rejected,40,2026-11-24
80,36,11,Approved,100,2026-11-09
81,20,9,Pending,0,2026-09-11
82,8,24,Rejected,100,2026-09-07
83,14,24,Approved,40,2026-12-25
84,34,20,Approved,0,2026-09-10
85,15,12,Pending,40,2026-08-23
86,35,5,Approved,0,2026-08-18
87,19,23,Pending,100,2026-11-04
88,56,1,Rejected,40,2026-11-16
89,29,11,Pending,0,2026-10-28
90,31,4,Pending,50,2026-11-03
91,37,21,Rejected,0,2026-09-05
92,52,19,Approved,0,2026-09-04
93,36,25,Approved,75,2026-12-26
94,40,8,Rejected,50,2026-11-15
95,20,19,Approved,40,2026-12-20
96,4,20,Rejected,0,2026-09-21
97,14,9,Rejected,0,2026-09-08
98,12,18,Pending,30,2026-08-14
99,29,23,Rejected,50,2026-10-02
100,15,10,Rejected,40,2026-11-03
101,44,8,Approved,100,2026-12-22
102,52,7,Approved,0,2026-12-08
103,42,5,Approved,30,2026-08-02
104,11,10,Rejected,100,2026-12-10
105,29,4,Approved,100,2026-10-23
106,26,9,Rejected,75,2026-11-15
107,6,20,Pending,50,2026-10-20
108,17,1,Pending,30,2026-12-19
109,2,25,Rejected,40,2026-12-02
110,49,25,Pending,50,2026-12-21
111,29,9,Pending,75,2026-11-21
112,53,16,Pending,50,2026-10-14
113,22,11,Rejected,0,2026-09-11
114,27,23,Approved,40,2026-11-27
115,49,18,Pending,50,2026-08-11
116,17,11,Pending,50,2026-12-27
117,1,22,Rejected,50,2026-11-02
118,13,17,Approved,75,2026-11-21
119,29,25,Pending,30,2026-10-18
120,9,10,Approved,100,2026-11-04
121,2,21,Rejected,30,2026-09-10
122,36,1,Rejected,50,2026-08-08
123,54,4,Approved,0,2026-09-16
124,60,23,Approved,75,2026-10-14
125,54,16,Approved,30,2026-11-18
126,10,13,Pending,75,2026-12-24
127,57,5,Pending,40,2026-11-11
128,60,17,Approved,0,2026-10-24
129,20,19,Rejected,100,2026-11-28
130,10,15,Rejected,50,2026-10-11
131,36,25,Rejected,50,2026-11-11
132,56,7,Rejected,30,2026-12-13
133,15,25,Approved,0,2026-10-24
134,31,23,Approved,50,2026-09-16
135,3,5,Rejected,75,2026-10-28
136,7,15,Pending,75,2026-11-01
137,47,5,Approved,100,2026-09-03
138,31,9,Approved,75,2026-11-21
139,6,11,Rejected,75,2026-11-11
140,41,23,Approved,75,2026-08-20
141,5,8,Rejected,100,2026-10-08
142,48,3,Approved,0,2026-08-15
143,11,23,Approved,0,2026-08-11
144,51,2,Approved,40,2026-10-14
145,10,8,Rejected,50,2026-12-22
146,51,6,Pending,30,2026-08-20
147,56,13,Rejected,100,2026-09-16
148,59,19,Pending,30,2026-11-21
149,17,15,Approved,100,2026-08-26
150,30,10,Rejected,75,2026-09-03
151,29,12,Rejected,40,2026-11-23
152,17,15,Approved,30,2026-11-28
153,31,4,Pending,50,2026-12-12
154,37,10,Rejected,40,2026-08-27
155,43,13,Approved,0,2026-12-28
156,44,25,Rejected,0,2026-12-24
157,32,10,Pending,75,2026-10-08
158,41,7,Rejected,40,2026-09-21
159,7,21,Rejected,0,2026-10-26
160,29,2,Rejected,40,2026-09-03
161,59,10,Approved,100,2026-11-06
162,13,5,Rejected,40,2026-12-17
163,59,9,Pending,40,2026-11-26
164,19,24,Approved,0,2026-11-03
165,10,25,Pending,100,2026-11-28
166,52,18,Approved,0,2026-11-01
167,17,18,Pending,50,2026-10-22
168,48,22,Approved,75,2026-11-27
169,41,12,Pending,100,2026-09-16
170,2,20,Rejected,40,2026-12-08
171,42,3,Rejected,50,2026-10-21
172,27,4,Pending,0,2026-08-10
173,32,4,Pending,30,2026-12-05
174,25,15,Approved,100,2026-12-14
175,38,24,Rejected,30,2026-11-21
176,7,16,Rejected,50,2026-10-02
177,45,12,Pending,50,2026-11-08
178,55,12,Pending,100,2026-10-18
179,58,21,Approved,0,2026-11-09
180,13,4,Approved,0,2026-09-21
